{
  "start": [
    { "row": 2, "col": 0, "color": "yellow", "direction": "right" },
    { "row": 6, "col": 6, "color": "red", "direction": "left" }
  ],
  "end": [
    { "row": 0, "col": 0, "color": "yellow", "direction": "right" },
    { "row": 4, "col": 6, "color": "red", "direction": "left" }
  ],
  "boulders": [
    { "row": 1, "col": 0 },
    { "row": 1, "col": 1 },
    { "row": 1, "col": 2 },
    { "row": 1, "col": 3 },
    { "row": 1, "col": 4 },
    { "row": 1, "col": 5 },
    { "row": 5, "col": 1 },
    { "row": 5, "col": 2 },
    { "row": 5, "col": 3 },
    { "row": 5, "col": 4 },
    { "row": 5, "col": 5 },
    { "row": 5, "col": 6 }
  ]
}
